{"dim1": [1920, 1080], "dim2": [1920, 1080], "dim3": [1920, 1080], "K": [[430.30782158058446, 0.0, 944.2117137982485], [0.0, 428.0364480399636, 562.5344371512564], [0.0, 0.0, 1.0]], "D": [[0.11686137684450834], [0.0602157787504154], [-0.04079591413259376], [0.00980761319243726]], "new_K": [[211.10040899618022, 0.0, 946.3229970289447], [0.0, 209.9861185757855, 567.456378192014], [0.0, 0.0, 1.0]], "scaled_K": [[430.30782158058446, 0.0, 944.2117137982485], [0.0, 428.0364480399636, 562.5344371512564], [0.0, 0.0, 1.0]], "balance": 1}