{"dim1": [2592, 1944], "dim2": [2592, 1944], "dim3": [2592, 1944], "K": [[618.1362772091585, 0.0, 1274.0366504760304], [0.0, 618.6678720140785, 1002.6850398704529], [0.0, 0.0, 1.0]], "D": [[0.12956135502126184], [0.026662292657837594], [-0.006913206106624967], [-0.0008074156486612311]], "new_K": [[306.63843187468217, 0.0, 1274.403422395063], [0.0, 306.9021397387625, 1017.3378096355264], [0.0, 0.0, 1.0]], "scaled_K": [[618.1362772091585, 0.0, 1274.0366504760304], [0.0, 618.6678720140785, 1002.6850398704528], [0.0, 0.0, 1.0]], "balance": 1}